Reference,Value,Datasheet,Footprint,Qty,DNP,Digi+AC0-Key+AF8-PN,Digikey+AF8-PN,Digikey+AF8-Pn,MPN,Manufacturer+AF8-PN
+ACI-R18,R19+ACI-,0R,+AH4-,Resistor+AF8-SMD:R+AF8-1206+AF8-3216Metric+AF8-Pad1.30x1.75mm+AF8-HandSolder,2,,,,,RC0603FR+AC0-075K1L,
+ACI-C12,C13+ACI-,47pF,+AH4-,Capacitor+AF8-SMD:C+AF8-0603+AF8-1608Metric+AF8-Pad1.08x0.95mm+AF8-HandSolder,2,,,712+AC0-QSCP251Q470J1GV001TTR+AC0-ND,,QSCP251Q470J1GV001T,
+ACI-C8,C9,C35+ACI-,0.1uF,+AH4-,Capacitor+AF8-SMD:C+AF8-1206+AF8-3216Metric+AF8-Pad1.33x1.80mm+AF8-HandSolder,3,,,,,,
C2,100n,https://search.murata.co.jp/Ceramy/image/img/A01X/G101/ENG/GRM155R71C104KA88+AC0-01.pdf,Capacitor+AF8-SMD:C+AF8-0402+AF8-1005Metric,1,,,,,EMK105B7104KV+AC0-F,
C30,100nF,+AH4-,Capacitor+AF8-SMD:C+AF8-0402+AF8-1005Metric,1,,,1276+AC0-CL05B104KP5VPNCTR+AC0-ND,,CL05B104KP5VPNC,
+ACI-C5,C6+ACI-,1uF,+AH4-,Capacitor+AF8-SMD:C+AF8-0805+AF8-2012Metric,2,,,,,,
+ACI-C3,C36,C37,C38+ACI-,10uF,+AH4-,Capacitor+AF8-SMD:C+AF8-1210+AF8-3225Metric+AF8-Pad1.33x2.70mm+AF8-HandSolder,4,,,,,,
+ACI-C22,C24,C26+ACUAJAAl-x+ACI-,10uF,+AH4-,Capacitor+AF8-SMD:CP+AF8-Elec+AF8-5x5.7,3,DNP,,,,,
L2,15uH,+AH4-,Inductor+AF8-SMD:L+AF8-TDK+AF8-SLF12565,1,,,445+AC0-3842+AC0-2+AC0-ND,,SLF12565T+AC0-150M4R2+AC0-H,
C4,22uF,+AH4-,Capacitor+AF8-SMD:C+AF8-1210+AF8-3225Metric+AF8-Pad1.33x2.70mm+AF8-HandSolder,1,,,,,,
+ACI-R12,R13+ACI-,27R,+AH4-,Resistor+AF8-SMD:R+AF8-2010+AF8-5025Metric+AF8-Pad1.40x2.65mm+AF8-HandSolder,2,,,,,CRGP2010F27R,
+ACI-R54,R55,R56+ACI-,100R,+AH4-,Resistor+AF8-SMD:R+AF8-1206+AF8-3216Metric+AF8-Pad1.30x1.75mm+AF8-HandSolder,3,,,,,,
+ACI-R10,R11+ACI-,220R,+AH4-,Resistor+AF8-SMD:R+AF8-1206+AF8-3216Metric+AF8-Pad1.30x1.75mm+AF8-HandSolder,2,,,,,,
+ACI-R14,R15,R16,R17,R45,R51,R53,R57,R58,R66+ACI-,1K,+AH4-,Resistor+AF8-SMD:R+AF8-1206+AF8-3216Metric+AF8-Pad1.30x1.75mm+AF8-HandSolder,10,,,,,+AC0ALQ- mixed values +AC0ALQ-,
+ACI-R1,R2,R29,R39,R49+ACI-,5.1k,+AH4-,Resistor+AF8-SMD:R+AF8-0603+AF8-1608Metric,5,,,,,RC0603FR+AC0-075K1L,
+ACI-R3,R4,R5,R6,R7,R8,R9,R20,R21,R22,R23,R24,R26,R27,R28,R30,R31,R32,R33,R34,R35,R36,R38,R40,R41,R42,R43,R44,R48,R50,R65+ACI-,10K,+AH4-,Resistor+AF8-SMD:R+AF8-0603+AF8-1608Metric+AF8-Pad0.98x0.95mm+AF8-HandSolder,31,,,,,,
+ACI-R25,R37,R46+ACI-,33K,+AH4-,Resistor+AF8-SMD:R+AF8-1206+AF8-3216Metric+AF8-Pad1.30x1.75mm+AF8-HandSolder,3,,,RMCF1206FT33K2TR+AC0-ND,,RMCF1206FT33K2,
R63,40.2k,+AH4-,Capacitor+AF8-SMD:C+AF8-0402+AF8-1005Metric+AF8-Pad0.74x0.62mm+AF8-HandSolder,1,,,P40.2KLTR+AC0-ND,,ERJ+AC0-2RKF4022X,
R47,100K,+AH4-,Resistor+AF8-SMD:R+AF8-1206+AF8-3216Metric+AF8-Pad1.30x1.75mm+AF8-HandSolder,1,,,,,,
R64,210k,+AH4-,Capacitor+AF8-SMD:C+AF8-0402+AF8-1005Metric+AF8-Pad0.74x0.62mm+AF8-HandSolder,1,,,2019+AC0-RK73H1ETTP2103FTR+AC0-ND,,RK73H1ETTP2103F,
R52,1M,+AH4-,Resistor+AF8-SMD:R+AF8-1206+AF8-3216Metric+AF8-Pad1.30x1.75mm+AF8-HandSolder,1,,,,,,
U1,2137160001+AC0-Molex+AC0-USB+AC0-C+AC0-Connector,https://www.molex.com/en+AC0-us/products/part+AC0-detail+AC0-pdf/2137160001?display+AD0-pdf,privateParts:MOLEX+AF8-2137160001,1,,,,,,
+ACI-C1,C11,C15,C16,C17,C19+ACI-,0.1uF X7R 50V 0805,+AH4-,Capacitor+AF8-SMD:C+AF8-0805+AF8-2012Metric+AF8-Pad1.18x1.45mm+AF8-HandSolder,6,,,,,,
+ACI-R60,R62+ACI-,100K 1206,+AH4-,Resistor+AF8-SMD:R+AF8-1206+AF8-3216Metric,2,,,,,,
+ACI-C7,C10+ACI-,10uF 25V 2312 Tantalum,+AH4-,Capacitor+AF8-Tantalum+AF8-SMD:CP+AF8-EIA+AC0-6032+AC0-15+AF8-Kemet+AC0-U,2,,,399+AC0-10160+AC0-2+AC0-ND,,T491C106M025AT7280,
+ACI-C18,C23,C25,C27+ACI-,10uF 50V X7R,+AH4-,+AC0ALQ- mixed values +AC0ALQ-,4,,+AC0ALQ- mixed values +AC0ALQ-,,,,+AC0ALQ- mixed values +AC0ALQ-
C28,10uF 50V X7R 1210,+AH4-,Capacitor+AF8-SMD:C+AF8-1210+AF8-3225Metric,1,,,1276+AC0-3388+AC0-2+AC0-ND,,CL32B106KBJNNWE,
C31,150pF 0805,+AH4-,Capacitor+AF8-SMD:C+AF8-0805+AF8-2012Metric,1,,,399+AC0-C0402C151K5RACTUTR+AC0-ND,,C0402C151K5RACTU,
R59,17.4K 0805,+AH4-,Resistor+AF8-SMD:R+AF8-0805+AF8-2012Metric,1,,,RMCF0805FT17K4TR+AC0-ND,,RMCF0805FT17K4,
R61,200K 0603,+AH4-,Resistor+AF8-SMD:R+AF8-0603+AF8-1608Metric,1,,,311+AC0-200KGRTR+AC0-ND,,RC0603JR+AC0-07200KL,
+ACI-C29,C32,C33+ACI-,22uF 6.3V,+AH4-,Capacitor+AF8-SMD:C+AF8-1206+AF8-3216Metric+AF8-Pad1.33x1.80mm+AF8-HandSolder,3,,,478+AC0-12066C226MAT2A+AFw-2.5KTR+AC0-ND,,12066C226MAT2A+AFw-2.5K,
+ACI-Q3,Q4,Q5,Q6,Q7,Q8,Q9+ACI-,2N7002E,http://www.diodes.com/assets/Datasheets/ds30376.pdf,Package+AF8-TO+AF8-SOT+AF8-SMD:SOT+AC0-23,7,,,,,,
C20,330uF 35V,,Capacitor+AF8-SMD:CP+AF8-Elec+AF8-10x10.5,1,DNP,565+AC0-4786+AC0-1+AC0-ND,,,,HHXC500ARA101MJA0G
C21,330uF 35V,,Capacitor+AF8-SMD:CP+AF8-Elec+AF8-10x10.5,1,,565+AC0-4786+AC0-1+AC0-ND,,,,HHXC500ARA101MJA0G
C14,4.7uF 16V 1206 Tantalum,+AH4-,Capacitor+AF8-SMD:C+AF8-1206+AF8-3216Metric+AF8-Pad1.33x1.80mm+AF8-HandSolder,1,,,478+AC0-3868+AC0-2+AC0-ND,,TAJA475K016RNJ,
C34,C+AF8-Polarized,+AH4-,Capacitor+AF8-SMD:CP+AF8-Elec+AF8-6.3x5.9,1,,,399+AC0-A768EB107M1ELAS036TR+AC0-ND,,A768EB107M1ELAS036,
J5,Conn+AF8-01x04+AF8-Socket,+AH4-,Connector+AF8-PinHeader+AF8-2.54mm:PinHeader+AF8-1x04+AF8-P2.54mm+AF8-Vertical,1,,,,,,
J1,Conn+AF8-02x06+AF8-Odd+AF8-Even,+AH4-,Connector+AF8-PinHeader+AF8-2.54mm:PinHeader+AF8-2x06+AF8-P2.54mm+AF8-Vertical,1,,,,,,
D10,D+AF8-Schottky,+AH4-,Diode+AF8-SMD:D+AF8-SMA+AF8-Handsoldering,1,,,B340A+AC0-FDITR+AC0-ND,,B340A+AC0-13+AC0-F,
U12,DRV8833PWP,http://www.ti.com/lit/ds/symlink/drv8833.pdf,Package+AF8-SO:HTSSOP+AC0-16+AC0-1EP+AF8-4.4x5mm+AF8-P0.65mm+AF8-EP3.4x5mm+AF8-Mask2.46x2.31mm+AF8-ThermalVias,1,,,,,,
U2,ESP32+AC0-WROOM+AC0-E,https://www.espressif.com/sites/default/files/documentation/esp32+AC0-wroom+AC0-32e+AF8-esp32+AC0-wroom+AC0-32ue+AF8-datasheet+AF8-en.pdf,RF+AF8-Module:ESP32+AC0-WROOM+AC0-32E,1,,,,,,
U6,FT231XS,https://www.ftdichip.com/Support/Documents/DataSheets/ICs/DS+AF8-FT231X.pdf,Package+AF8-SO:SSOP+AC0-20+AF8-3.9x8.7mm+AF8-P0.635mm,1,,,768+AC0-1156+AC0-5+AC0-ND,,FT231XS+AC0-U,
U9,IR2136,,Package+AF8-SO:SOIC+AC0-28W+AF8-7.5x18.7mm+AF8-P1.27mm,1,,IR2136SPBF+AC0-ND,,,,IR2136SPBF
+ACI-Q10,Q11,Q12,Q13,Q14,Q15,Q16+ACI-,IRLZ44N,http://www.irf.com/product+AC0-info/datasheets/data/irlz44n.pdf,Package+AF8-TO+AF8-SOT+AF8-SMD:TO+AC0-263+AC0-2,7,,,IRLZ44NSTRLPBFTR+AC0-ND,,IRLZ44NSTRLPBF,
+ACI-JP1,JP2,JP3,JP4,JP5,JP6,JP7,JP8+ACI-,Jumper+AF8-2+AF8-Open,+AH4-,Connector+AF8-PinHeader+AF8-2.54mm:PinHeader+AF8-1x02+AF8-P2.54mm+AF8-Vertical,8,,,,,,
L1,L+AF8-Ferrite,+AH4-,Inductor+AF8-SMD:L+AF8-0805+AF8-2012Metric+AF8-Pad1.05x1.20mm+AF8-HandSolder,1,,,240+AC0-2399+AC0-2+AC0-ND,,HZ0805E601R+AC0-10,
+ACI-D3,D6+ACI-,LED +AC0- Red,+AH4-,LED+AF8-SMD:LED+AF8-1206+AF8-3216Metric+AF8-Pad1.42x1.75mm+AF8-HandSolder,2,,,754+AC0-1143+AC0-2+AC0-ND,,APT3216SURCK,
+ACI-D2,D4,D5+ACI-,LED +AC0- Yellow,+AH4-,LED+AF8-SMD:LED+AF8-1206+AF8-3216Metric+AF8-Pad1.42x1.75mm+AF8-HandSolder,3,,,,,,
+ACI-U7,U8+ACI-,LM393,http://www.ti.com/lit/ds/symlink/lm393.pdf,Package+AF8-SO:SOP+AC0-8+AF8-3.9x4.9mm+AF8-P1.27mm,2,,,,497+AC0-18379+AC0-ND,LM393D,
U5,NCP1117+AC0-3.3+AF8-SOT223,http://www.onsemi.com/pub+AF8-link/Collateral/NCP1117+AC0-D.PDF,Package+AF8-TO+AF8-SOT+AF8-SMD:SOT+AC0-223+AC0-3+AF8-TabPin2,1,,,NCP1117LPST33T3GOSTR+AC0-ND,,NCP1117LPST33T3G,
U10,OKI+AC0-78SR+AC0-5+AF8-1.5+AC0-W36H+AC0-C,https://power.murata.com/data/power/oki+AC0-78sr.pdf,Converter+AF8-DCDC:Converter+AF8-DCDC+AF8-Murata+AF8-OKI+AC0-78SR+AF8-Horizontal,1,,,,,,
J3,PJ+AC0-002B,,privateParts:CUI+AF8-PJ+AC0-002B,1,,,CP+AC0-002B+AC0-ND,, PJ+AC0-002B,
+ACI-SW1,SW2+ACI-,PTS526 SM15 SMTR2 LFS,PTS526 SM15 SMTR2 LFS,SON4+AF8-PTS526 SM15 SMTR2 LFS+AF8-CNK,2,,,CKN12220+AC0-2+AC0-ND,,PTS526SM15SMTR2 LFS,
+ACI-Q1,Q2+ACI-,S8050,https://www.mccsemi.com/pdf/Products/MMSS8050(SOT+AC0-23).pdf,Package+AF8-TO+AF8-SOT+AF8-SMD:SOT+AC0-23,2,,,MMSS8050+AC0-H+AC0-TPMSCT+AC0-ND,,MMSS8050+AC0-H+AC0-TP,
+ACI-J4,J6+ACI-,Screw+AF8-Terminal+AF8-01x02,+AH4-,Connector+AF8-JST:JST+AF8-XH+AF8-B2B+AC0-XH+AC0-A+AF8-1x02+AF8-P2.50mm+AF8-Vertical,2,,,,,,
J2,Screw+AF8-Terminal+AF8-01x03,+AH4-,TerminalBlock+AF8-WAGO:TerminalBlock+AF8-WAGO+AF8-236+AC0-403+AF8-1x03+AF8-P5.00mm+AF8-45Degree,1,,,,,,
U4,SRF3216A+AC0-Common+AF8-Mode+AF8-Choke,,privateParts:Bourns+AF8-SRF3216A,1,,SRF3216A+AC0-222YCT+AC0-ND,,,SRF3216A+AC0-222Y,
D1,SS14,https://www.vishay.com/docs/88746/ss12.pdf,Diode+AF8-SMD:D+AF8-SMA,1,,,,,,
+ACI-D7,D8,D9+ACI-,US1J,https://www.diodes.com/assets/Datasheets/ds16008.pdf,Diode+AF8-SMD:D+AF8-SMA,3,,,4878+AC0-US1JTR+AC0-ND,,US1J,
U3,+ACUAJQAk-,https://www.st.com/resource/en/datasheet/usblc6+AC0-2.pdf,Package+AF8-TO+AF8-SOT+AF8-SMD:SOT+AC0-23+AC0-6,1,,497+AC0-5235+AC0-1+AC0-ND,,,USBLC6+AC0-2SC6,
U11,+AH4-,,Package+AF8-SO:SOIC+AC0-8+AC0-1EP+AF8-3.9x4.9mm+AF8-P1.27mm+AF8-EP2.29x3mm,1,,,1589+AC0-1587+AC0-2+AC0-ND,,MP2467DN+AC0-LF+AC0-Z,
